"gene_id","s1","s2","s3","s4","s5","s6","s7","s8"
"g1",26,41,14,25,30,42,66,48
"g2",14,11,37,11,52,60,30,46
"g3",16,16,47,40,24,64,46,80
"g4",36,39,47,19,62,70,10,10
"g5",6,33,25,40,62,32,34,80
"g6",6,29,15,6,88,56,16,36
"g7",29,15,38,33,38,28,44,42
"g8",32,37,25,18,34,28,42,90
"g9",25,47,26,9,108,48,24,56
"g10",14,9,18,43,52,50,72,14
"g11",35,27,22,14,31,44,36,19
"g12",23,43,3,28,43,22,56,34
"g13",24,11,42,35,25,20,12,34
"g14",38,50,24,36,32,31,33,34
"g15",22,24,23,16,29,4,47,15
"g16",14,31,8,43,29,26,27,36
"g17",61,36,32,43,20,27,25,19
"g18",18,27,14,14,31,39,10,51
"g19",18,24,26,31,18,23,12,18
"g20",13,16,29,33,28,19,18,21
"g21",20,27,36,24,29,13,14,17
"g22",45,39,11,37,40,33,14,10
"g23",35,36,53,34,23,29,34,25
"g24",27,17,13,26,11,37,12,35
"g25",33,32,36,29,17,52,19,38
"g26",51,9,24,40,63,23,20,26
"g27",32,25,16,28,69,22,26,22
"g28",25,10,16,16,31,9,11,34
"g29",27,26,16,22,40,49,9,24
"g30",16,11,9,28,36,40,31,6
"g31",35,22,16,19,16,26,29,24
"g32",36,10,22,6,14,47,53,33
"g33",29,24,20,27,24,13,26,34
"g34",20,29,32,24,21,47,29,21
"g35",38,26,28,14,18,23,23,40
"g36",23,39,9,23,24,14,24,17
"g37",51,30,20,19,36,26,17,26
"g38",16,48,28,51,34,37,26,21
"g39",12,16,33,16,31,13,22,57
"g40",16,8,30,13,10,9,23,42
"g41",26,25,63,10,12,33,30,18
"g42",21,43,18,28,19,8,28,38
"g43",27,24,37,32,25,16,20,11
"g44",12,13,24,9,12,23,13,29
"g45",15,11,9,27,14,24,17,20
"g46",10,17,7,8,3,10,22,19
"g47",7,23,35,24,13,41,29,4
"g48",38,56,22,23,22,26,47,30
"g49",31,10,11,48,17,51,20,23
"g50",8,2,29,29,18,22,12,6
"g51",42,29,15,19,56,37,22,33
"g52",15,43,32,19,29,38,14,16
"g53",27,27,33,18,24,24,22,9
"g54",17,21,41,15,17,44,26,23
"g55",52,25,21,12,7,26,19,26
"g56",1,38,40,39,31,20,37,35
"g57",8,6,28,19,23,30,23,26
"g58",31,13,14,20,2,11,21,29
"g59",20,40,17,29,52,18,39,12
"g60",39,43,20,34,23,11,21,30
"g61",23,35,37,22,17,15,37,27
"g62",30,22,37,19,30,24,41,10
"g63",21,22,27,27,24,22,24,38
"g64",39,29,54,29,21,13,24,24
"g65",28,29,25,34,10,13,16,33
"g66",40,20,14,15,15,18,32,30
"g67",19,43,31,29,41,5,17,29
"g68",46,9,15,20,14,44,41,46
"g69",34,39,41,31,25,25,18,43
"g70",29,21,50,19,35,19,18,24
"g71",38,32,14,25,16,25,20,25
"g72",10,29,8,20,23,19,38,28
"g73",42,19,30,18,4,25,13,30
"g74",24,15,15,16,25,11,27,33
"g75",23,20,14,22,60,40,17,54
"g76",37,32,19,22,18,43,27,11
"g77",42,27,18,18,25,33,28,45
"g78",15,14,19,27,42,15,11,13
"g79",24,34,29,43,13,11,27,12
"g80",14,24,17,21,25,31,9,28
"g81",10,40,38,19,15,27,18,51
"g82",34,36,36,12,15,13,51,17
"g83",12,21,23,12,14,35,13,14
"g84",6,41,18,24,18,17,37,29
"g85",23,36,32,11,23,20,44,11
"g86",18,18,44,30,16,24,28,5
"g87",17,84,11,39,25,9,32,9
"g88",17,9,28,16,19,19,29,23
"g89",48,12,29,28,24,19,21,12
"g90",40,41,14,43,32,16,20,36
"g91",18,14,32,9,13,34,49,25
"g92",29,34,63,30,10,29,15,27
"g93",17,20,46,34,14,33,10,13
"g94",30,13,13,25,60,25,31,7
"g95",38,21,17,13,27,19,25,12
"g96",30,17,9,32,22,34,21,25
"g97",12,11,30,42,21,20,15,25
"g98",32,18,27,31,18,12,19,37
"g99",18,25,17,33,25,23,27,20
"g100",12,31,39,18,27,29,46,29
"g101",51,28,15,26,48,21,6,15
"g102",12,50,10,7,62,47,22,40
"g103",39,4,22,18,3,45,19,39
"g104",22,16,21,22,7,35,15,28
"g105",12,18,18,60,24,29,13,24
"g106",10,7,24,17,20,12,16,38
"g107",8,50,53,22,6,15,33,11
"g108",13,14,18,15,19,21,61,18
"g109",22,26,26,38,28,14,38,40
"g110",31,18,24,33,12,18,15,23
"g111",19,16,15,16,48,23,23,30
"g112",37,39,18,24,10,16,40,31
"g113",25,6,38,7,37,24,11,35
"g114",49,35,19,24,13,23,27,20
"g115",2,17,38,16,25,17,5,30
"g116",9,27,37,30,23,13,31,19
"g117",14,11,12,11,30,18,22,5
"g118",40,12,37,48,10,24,14,62
"g119",37,37,34,14,26,27,9,23
"g120",25,29,25,24,24,20,8,39
"g121",48,5,30,32,17,11,28,29
"g122",36,16,37,25,29,17,24,31
"g123",11,20,29,34,36,17,18,13
"g124",5,25,43,27,14,20,27,20
"g125",20,7,18,15,42,36,11,61
"g126",20,35,34,20,10,13,45,18
"g127",38,25,20,30,28,31,69,19
"g128",17,47,26,37,47,14,36,12
"g129",67,16,21,37,33,19,10,26
"g130",31,29,19,13,22,9,28,17
"g131",46,22,29,18,40,6,18,19
"g132",38,32,34,21,17,10,26,8
"g133",27,30,19,25,35,19,6,13
"g134",21,27,31,22,21,14,15,18
"g135",13,20,26,11,12,34,22,45
"g136",40,75,31,19,8,8,30,24
"g137",24,5,15,29,14,29,28,7
"g138",27,31,17,16,29,38,23,20
"g139",45,28,7,24,32,13,28,22
"g140",29,39,10,18,30,69,5,23
"g141",30,58,12,10,34,12,28,26
"g142",53,10,20,8,41,15,60,4
"g143",33,14,20,24,27,16,50,25
"g144",15,12,24,48,20,14,18,10
"g145",19,33,5,27,27,23,25,37
"g146",27,29,10,12,15,43,37,22
"g147",14,16,16,11,23,50,12,17
"g148",21,29,8,28,38,44,9,28
"g149",16,20,16,18,14,27,57,51
"g150",18,16,23,13,24,17,44,21
"g151",32,33,23,22,11,31,17,45
"g152",33,12,3,26,9,16,18,25
"g153",10,38,41,22,56,24,8,18
"g154",43,16,37,35,25,26,35,16
"g155",6,24,49,46,19,40,30,21
"g156",38,27,38,37,11,18,12,18
"g157",37,16,33,37,14,10,26,22
"g158",28,41,14,92,6,16,27,7
"g159",46,17,30,28,13,28,27,30
"g160",22,5,11,26,17,17,29,19
"g161",13,43,43,35,23,55,17,22
"g162",18,20,24,7,50,25,10,18
"g163",16,48,40,43,11,14,31,18
"g164",25,25,27,11,17,34,25,22
"g165",30,45,31,23,57,13,13,32
"g166",14,10,19,40,10,12,32,10
"g167",20,9,9,26,41,24,37,23
"g168",19,18,15,26,31,25,15,12
"g169",21,25,30,30,20,10,17,17
"g170",16,27,28,11,23,32,37,20
"g171",33,17,23,17,15,14,26,43
"g172",22,35,33,26,23,22,18,36
"g173",8,28,46,52,18,17,35,13
"g174",9,22,31,26,19,25,17,32
"g175",32,34,19,26,22,19,23,27
"g176",45,28,13,6,10,16,54,27
"g177",6,13,55,26,19,16,41,24
"g178",20,23,15,26,11,30,15,17
"g179",23,20,28,20,20,31,12,18
"g180",28,27,15,11,63,34,35,8
"g181",7,21,43,64,32,32,29,50
"g182",16,20,23,39,35,46,13,40
"g183",45,9,29,22,17,9,25,19
"g184",33,36,19,34,10,16,34,15
"g185",27,24,20,12,18,23,27,10
"g186",9,14,47,27,19,29,24,17
"g187",16,11,27,30,13,16,50,14
"g188",38,11,21,15,33,7,25,31
"g189",14,48,21,19,25,30,45,79
"g190",25,18,26,15,24,23,31,29
"g191",12,44,16,14,21,28,8,45
"g192",7,17,40,26,28,29,23,28
"g193",38,23,31,21,21,13,21,56
"g194",12,27,22,34,27,18,6,14
"g195",16,19,19,13,22,64,61,12
"g196",23,22,25,16,26,16,25,15
"g197",26,18,21,41,35,19,19,43
"g198",31,14,12,33,26,12,31,27
"g199",29,19,21,34,23,58,42,33
"g200",9,8,28,24,8,25,25,21
"g201",6,35,56,12,73,33,6,23
"g202",15,40,15,28,10,18,32,17
"g203",16,15,23,14,37,36,41,20
"g204",27,20,20,9,20,42,28,36
"g205",15,13,22,5,25,28,33,18
"g206",12,63,10,30,22,38,22,22
"g207",19,10,24,28,32,51,34,30
"g208",27,28,21,26,32,20,20,20
"g209",35,39,33,24,24,22,25,6
"g210",28,8,14,14,8,27,35,32
"g211",6,17,19,22,22,15,18,41
"g212",12,16,26,31,13,26,10,13
"g213",17,34,10,5,15,33,11,25
"g214",31,34,41,16,3,44,21,22
"g215",7,37,23,31,6,24,45,36
"g216",18,11,29,20,8,24,12,29
"g217",28,27,23,20,9,24,22,22
"g218",34,26,20,27,22,43,9,3
"g219",17,27,17,22,22,14,21,14
"g220",8,13,42,10,38,17,31,10
"g221",16,13,27,23,25,18,8,26
"g222",29,37,24,5,49,12,25,22
"g223",21,41,13,41,26,12,27,24
"g224",25,18,40,28,31,12,9,42
"g225",22,20,15,28,33,40,20,21
"g226",19,14,48,16,15,3,24,19
"g227",18,37,39,29,39,22,42,23
"g228",25,27,13,14,26,28,15,4
"g229",48,48,13,20,23,14,20,28
"g230",14,6,28,17,37,16,29,18
"g231",36,46,16,16,15,44,30,17
"g232",14,38,10,28,13,22,19,19
"g233",26,40,8,17,21,27,21,48
"g234",26,21,31,16,18,30,48,8
"g235",48,41,22,22,20,20,5,24
"g236",44,20,31,52,13,46,27,17
"g237",12,18,25,30,17,38,25,50
"g238",24,14,37,33,15,13,33,29
"g239",32,19,35,19,28,19,17,17
"g240",10,34,35,42,19,35,26,19
"g241",22,46,21,25,9,13,27,12
"g242",21,23,18,28,28,23,30,12
"g243",33,37,10,38,26,62,10,5
"g244",19,35,29,48,11,9,17,21
"g245",20,39,20,29,39,5,33,13
"g246",13,17,52,23,18,53,28,16
"g247",19,23,13,28,40,41,33,40
"g248",13,14,27,19,24,18,29,9
"g249",39,21,16,24,16,24,53,6
"g250",36,14,22,29,11,37,27,9
